,CASE_STATUS,VISA_CLASS,JOB_TITLE,SOC_CODE,SOC_TITLE,FULL_TIME_POSITION,EMPLOYER_NAME,EMPLOYER_STATE,EMPLOYER_COUNTRY,WORKSITE_STATE,PREVAILING_WAGE,PW_UNIT_OF_PAY,PW_WAGE_LEVEL,H-1B_DEPENDENT,WILLFUL_VIOLATOR
HEADERS2015,CASE_STATUS,VISA_CLASS,JOB_TITLE,SOC_CODE,SOC_NAME,FULL_TIME_POSITION,EMPLOYER_NAME,EMPLOYER_STATE,EMPLOYER_COUNTRY,WORKSITE_STATE,PREVAILING_WAGE,PW_UNIT_OF_PAY,,H-1B_DEPENDENT,WILLFUL VIOLATOR
HEADERS2016,CASE_STATUS,VISA_CLASS,JOB_TITLE,SOC_CODE,SOC_NAME,FULL_TIME_POSITION,EMPLOYER_NAME,EMPLOYER_STATE,EMPLOYER_COUNTRY,WORKSITE_STATE,PREVAILING_WAGE,PW_UNIT_OF_PAY,,H-1B_DEPENDENT,WILLFUL_VIOLATOR
HEADERS2017,CASE_STATUS,VISA_CLASS,JOB_TITLE,SOC_CODE,SOC_NAME,FULL_TIME_POSITION,EMPLOYER_NAME,EMPLOYER_STATE,EMPLOYER_COUNTRY,WORKSITE_STATE,PREVAILING_WAGE,PW_UNIT_OF_PAY,PW_WAGE_LEVEL,H1B_DEPENDENT,WILLFUL_VIOLATOR
HEADERS2018,CASE_STATUS,VISA_CLASS,JOB_TITLE,SOC_CODE,SOC_NAME,FULL_TIME_POSITION,EMPLOYER_NAME,EMPLOYER_STATE,EMPLOYER_COUNTRY,WORKSITE_STATE,PREVAILING_WAGE,PW_UNIT_OF_PAY,PW_WAGE_LEVEL,H1B_DEPENDENT,WILLFUL_VIOLATOR
HEADERS2019,CASE_STATUS,VISA_CLASS,JOB_TITLE,SOC_CODE,SOC_TITLE,FULL_TIME_POSITION,EMPLOYER_NAME,EMPLOYER_STATE,EMPLOYER_COUNTRY,WORKSITE_STATE_1,PREVAILING_WAGE_1,PW_UNIT_OF_PAY_1,PW_WAGE_LEVEL_1,H-1B_DEPENDENT,WILLFUL_VIOLATOR
HEADERS2020,CASE_STATUS,VISA_CLASS,JOB_TITLE,SOC_CODE,SOC_TITLE,FULL_TIME_POSITION,EMPLOYER_NAME,EMPLOYER_STATE,EMPLOYER_COUNTRY,WORKSITE_STATE,PREVAILING_WAGE,PW_UNIT_OF_PAY,PW_WAGE_LEVEL,H-1B_DEPENDENT,WILLFUL_VIOLATOR
